Workbook

Sheet Summary
A1: Coal export nowcast: out-of-sample test of the road radar signal
A2: Rule fixed before testing: road_p90_db (brightest 10% of the road minus the control desert), orbit 164, monthly average. Gashuunsukhait crossing.
A4: Period | B4: Months | C4: Correlation with exports | D4: After removing shared trend
A5: 2025 (where the rule was found) | B5: ='Discovery 2025'!$C$16 -> 8 | C5: ='Discovery 2025'!$D$16 -> 0.7974316 | D5: ='Discovery 2025'!$E$16 -> 0.66659704
A6: 2026 test (new data, rule unchanged) | B6: ='Test 2026'!$C$17 -> 9 | C6: ='Test 2026'!$D$17 -> 0.10971534 | D6: ='Test 2026'!$E$17 -> 0.091383054
A7: 2026 test, Sentinel-1C scenes only | B7: ='Test 2026'!$C$18 -> 9 | C7: ='Test 2026'!$D$18 -> 0.2122367 | D7: ='Test 2026'!$E$18 -> 0.22939814
A8: 2026 test, flagged bad scene excluded | B8: ='Test 2026'!$C$19 -> 9 | C8: ='Test 2026'!$D$19 -> 0.10241246 | D8: ='Test 2026'!$E$19 -> 0.066722652
A10: Verdict
A11: The rule did not hold up on new data. The strong 2025 result was mostly luck from testing 12 combinations (4 measures x 3 orbits) on 8 months. The direction stays positive but is too weak to use.
A13: Data issues found
A14: New satellite (Sentinel-1D) | B14: Joined orbit 164 in May 2026. Its 29 May scene reads about 43 dB above the desert, roughly 3x any other scene; likely a bad early scene. Flagged on the Scenes tab. Future runs should filter such scenes automatically.
A15: Volume rose, signal flat | B15: 2026 exports ran far above 2025 while road brightness barely changed, so the box is not measuring volume.
A16: Orbit 84 flips between years | B16: Same measure: +0.06 in 2025, +0.66 in 2026. A signal that flips sign strength between years is treated as noise.
A18: Why a queue cannot measure volume
A19: Congestion, not throughput | B19: When the border runs smoothly trucks pass fast and the queue is short even at high volume. When it jams (Sept 2026 congestion order) the queue grows while exports fall.
A20: Partial coverage | B20: The box is one small yard at one of several crossings, and a growing share of coal moves by rail.
A22: Next measures to test (same method: fix the rule, then test on unseen months)
A23: 1. Border coal stockpiles | B23: Dark coal area at the border yards from Sentinel-2 color images. coal_fraction code already exists.
A24: 2. Rail yard wagons | B24: Bright wagon returns on rail sidings; captures the rail share the truck view misses.
A25: 3. Combined model | B25: Several signals in one small model, tested on months it has not seen.
A40: Green = linked from another tab; blue (other tabs) = source inputs. All correlations are live formulas on the Discovery 2025 and Test 2026 tabs.

Sheet Exports
A1: Month | B1: Exports (Mt) | C1: Method | D1: Coverage | E1: Notes | F1: Source
A2: 2025-01 | B2: 5.83 | C2: derived | D2: all coal incl. lignite (CGA) | E2: Jan 2026 was +73.5% YoY | F2: https://www.mysteel.net/news/5113518-mongolias-coal-exports-surge-over-73-yoy-in-january
A3: 2025-02 | B3: 5.69 | C3: derived | D3: all coal incl. lignite (CGA) | E3: Jan-Apr 24.96 Mt minus Jan, Mar, Apr; Q1 matches Q1 2026 +57% YoY | F3: https://www.bigmint.co/insights/detail/mongolia-coal-exports-climb-up-by-over-20-m-o-m-in-apr25-647775
A4: 2025-03 | B4: 6.01 | C4: derived | D4: all coal incl. lignite (CGA) | E4: Apr 2025 was +23.7% MoM; also matches Mar 2026 +84% YoY | F4: https://www.bigmint.co/insights/detail/mongolia-coal-exports-climb-up-by-over-20-m-o-m-in-apr25-647775
A5: 2025-04 | B5: 7.43 | C5: reported | D5: all coal incl. lignite (CGA) | E5: Jan-Apr 2025 = 24.96 Mt | F5: https://www.bigmint.co/insights/detail/mongolia-coal-exports-climb-up-by-over-20-m-o-m-in-apr25-647775
A6: 2025-05 | B6: 6.83 | C6: derived | D6: all coal incl. lignite (CGA) | E6: May 2026 was +44% YoY | F6: https://www.mysteel.net/news/5127214-mongolia-coal-exports-rocket-by-44-yoy-in-may
A7: 2025-06 | B7: 6.17 | C7: derived | D7: all coal incl. lignite (CGA) | E7: H1 2025 implied by H1 2026 +56% YoY | F7: https://www.mysteel.net/news/5131819-mongolias-h1-coal-exports-surge-56-yoy
A8: 2025-07 | B8: 6.76 | C8: derived | D8: all coal incl. lignite (CGA) | E8: Residual: 2025 total 90.02 Mt minus all other months; absorbs errors in other derived months | F8: https://www.mysteel.net/news/5109865-mongolias-2025-coal-exports-top-annual-target-set-new-record-high
A9: 2025-08 | B9: 8.52 | C9: derived | D9: all coal incl. lignite (CGA) | E9: Sept 2025 was +13.7% MoM | F9: https://www.mysteel.net/news/5100744-mongolias-coal-exports-surge-to-multi-year-high-in-september
A10: 2025-09 | B10: 9.69 | C10: reported | D10: all coal incl. lignite (CGA) | E10: Highest month since 2019 | F10: https://www.mysteel.net/news/5100744-mongolias-coal-exports-surge-to-multi-year-high-in-september
A11: 2025-10 | B11: 7.12 | C11: reported | D11: all coal incl. lignite (CGA) | F11: https://www.mysteel.net/news/5103703-mongolias-october-coal-exports-dip-2-yoy-26-mom
A12: 2025-11 | B12: 9.35 | C12: reported | D12: all coal incl. lignite (CGA) | E12: Sxcoal calculation; CGA did not publish a November total | F12: https://apbi-icma.org/media-article/mongolia-nov-coal-exports-surge-to-over-9mt-keeping-2025-target-within-reach
A13: 2025-12 | B13: 10.62 | C13: reported | D13: all coal incl. lignite (CGA) | E13: Conflict: a later Mysteel article gives 10.93 Mt (possible revision) | F13: https://www.mysteel.net/news/5109865-mongolias-2025-coal-exports-top-annual-target-set-new-record-high
A14: 2026-01 | B14: 10.12 | C14: reported | D14: all coal incl. lignite (CGA) | F14: https://www.mysteel.net/news/5113518-mongolias-coal-exports-surge-over-73-yoy-in-january
A15: 2026-02 | B15: 6.35 | C15: reported | D15: all coal incl. lignite (CGA) | E15: Chinese New Year border closure | F15: https://www.mysteel.net/news/5115319-cny-holiday-drives-down-mongolian-coal-exports-to-china-in-feb
A16: 2026-03 | B16: 11.06 | C16: reported | D16: all coal incl. lignite (CGA) | E16: Q1 2026 = 27.53 Mt | F16: https://www.mysteel.net/news/5119200-mongolias-march-coal-exports-hit-historical-high-on-robust-chinese-demand
A17: 2026-04 | B17: 11.54 | C17: reported | D17: all coal incl. lignite (CGA) | E17: All-time monthly high | F17: https://www.mysteel.net/news/5123199-mongolia-coal-exports-see-another-monthly-record-in-april
A18: 2026-05 | B18: 9.84 | C18: reported | D18: all coal incl. lignite (CGA) | E18: Border closed May 1-3; flooding mid-May | F18: https://www.mysteel.net/news/5127214-mongolia-coal-exports-rocket-by-44-yoy-in-may
A19: 2026-06 | B19: 10.3 | C19: derived | D19: all coal incl. lignite (CGA) | E19: H1 2026 total 59.21 Mt minus Jan-May; matches July article (-11.4% MoM) | F19: https://www.mysteel.net/news/5131819-mongolias-h1-coal-exports-surge-56-yoy
A20: 2026-07 | B20: 9.13 | C20: reported | D20: all coal incl. lignite (CGA) | E20: Naadam holiday closures | F20: https://www.mysteel.net/news/5136085-mongolias-july-coal-exports-drop-11-mom-as-holidays-shut-customs-posts
A21: 2026-08 | B21: 9.45 | C21: derived | D21: all coal incl. lignite (CGA) | E21: Approximate: Sept 8.41 Mt was down about 11% MoM; cross-checks with customs Jan-Aug hard coal 74.4 Mt (ikon.mn/n/3q6n) | F21: https://www.mysteel.net/news/5143838-limited-transport-via-ganqimaodu-port-lowers-mongolian-coal-exports-in-sept
A22: 2026-09 | B22: 8.41 | C22: reported | D22: all coal incl. lignite (CGA) | E22: Limited transport via Ganqimaodu | F22: https://www.mysteel.net/news/5143838-limited-transport-via-ganqimaodu-port-lowers-mongolian-coal-exports-in-sept
A24: Blue = input from the cited source. "derived" = calculated from reported growth rates or totals; see Notes.

Sheet Scenes
A1: Date | B1: Month | C1: Satellite | D1: Orbit | E1: Road p90 above desert (dB) | F1: Use (1/0) | G1: Flag
A2: 45319 | B2: 2024-01 | C2: Sentinel-1A | D2: 84 | E2: 16.223194 | F2: 1
A3: 45355 | B3: 2024-03 | C3: Sentinel-1A | D3: 84 | E3: 23.99375 | F3: 1
A4: 45439 | B4: 2024-05 | C4: Sentinel-1A | D4: 84 | E4: 21.716015 | F4: 1
A5: 45463 | B5: 2024-06 | C5: Sentinel-1A | D5: 84 | E5: 23.084375 | F5: 1
A6: 45487 | B6: 2024-07 | C6: Sentinel-1A | D6: 84 | E6: 19.33672 | F6: 1
A7: 45499 | B7: 2024-07 | C7: Sentinel-1A | D7: 84 | E7: 20.435547 | F7: 1
A8: 45523 | B8: 2024-08 | C8: Sentinel-1A | D8: 84 | E8: 23.960938 | F8: 1
A9: 45535 | B9: 2024-08 | C9: Sentinel-1A | D9: 84 | E9: 21.085546 | F9: 1
A10: 45547 | B10: 2024-09 | C10: Sentinel-1A | D10: 84 | E10: 22.665625 | F10: 1
A11: 45559 | B11: 2024-09 | C11: Sentinel-1A | D11: 84 | E11: 23.11875 | F11: 1
A12: 45571 | B12: 2024-10 | C12: Sentinel-1A | D12: 84 | E12: 19.04961 | F12: 1
A13: 45583 | B13: 2024-10 | C13: Sentinel-1A | D13: 84 | E13: 20.183594 | F13: 1
... A89: 46171 | B89: 2026-05 | C89: Sentinel-1A | D89: 84 | E89: 22.735937 | F89: 1
A90: 46171 | B90: 2026-05 | C90: Sentinel-1D | D90: 164 | E90: 42.954689 | F90: 0 | G90: Implausible: about 3x any other scene. Early Sentinel-1D scene, likely bad.
A91: 46183 | B91: 2026-06 | C91: Sentinel-1D | D91: 164 | E91: 12.751953 | F91: 1
A92: 46183 | B92: 2026-06 | C92: Sentinel-1A | D92: 84 | E92: 20.583202 | F92: 1
A93: 46195 | B93: 2026-06 | C93: Sentinel-1D | D93: 164 | E93: 12.25293 | F93: 1
A94: 46195 | B94: 2026-06 | C94: Sentinel-1A | D94: 84 | E94: 22.394922 | F94: 1
A95: 46201 | B95: 2026-06 | C95: Sentinel-1C | D95: 164 | E95: 13.933887 | F95: 1
A96: 46202 | B96: 2026-06 | C96: Sentinel-1D | D96: 84 | E96: 23.327343 | F96: 1
A97: 46213 | B97: 2026-07 | C97: Sentinel-1C | D97: 164 | E97: 13.370117 | F97: 1
A98: 46214 | B98: 2026-07 | C98: Sentinel-1D | D98: 84 | E98: 19.520117 | F98: 1
A99: 46225 | B99: 2026-07 | C99: Sentinel-1C | D99: 164 | E99: 12.067968 | F99: 1
A100: 46226 | B100: 2026-07 | C100: Sentinel-1D | D100: 84 | E100: 21.651562 | F100: 1
A101: 46237 | B101: 2026-08 | C101: Sentinel-1C | D101: 164 | E101: 13.447363 | F101: 1
A102: 46238 | B102: 2026-08 | C102: Sentinel-1D | D102: 84 | E102: 21.294531 | F102: 1
... A110: 46286 | B110: 2026-09 | C110: Sentinel-1D | D110: 84 | E110: 19.763866 | F110: 1
A112: Source: your build_s1_signal.py output (data\s1_gashuunsukhait.csv), column road_p90_db. Orbits 84 and 164 only.
A113: Use = 0 excludes a scene from the "flag excluded" variant only. The pre-registered rule uses every orbit 164 scene.

Sheet Discovery 2025
A1: Discovery: 2025, where the rule was found (orbit 164 started in April 2025; no orbit 164 scene in May 2025)
A2: Signal = monthly average of road p90 brightness above the control desert, from the Scenes tab. Trend = straight line fitted over the period; residual = value minus trend.
A4: Month | B4: t | C4: Exports (Mt) | D4: Exports trend | E4: Exports residual | F4: Orbit 164 (rule) | G4: Orbit 164 (rule): trend | H4: Orbit 164 (rule): residual
A5: 2025-04 | B5: 1 | C5: =INDEX(Exports!$B$2:$B$22,MATCH(A5,Exports!$A$2:$A$22,0)) -> 7.43 | D5: =INTERCEPT($C$5:$C$12,$B$5:$B$12)+SLOPE($C$5:$C$12,$B$5:$B$12)*B5 -> 6.5208333 | E5: =C5-D5 -> 0.90916667 | F5: =AVERAGEIFS(Scenes!$E$2:$E$110,Scenes!$B$2:$B$110,$A5,Scenes!$D$2:$D$110,164) -> 13.826042 | G5: =INTERCEPT($F$5:$F$12,$B$5:$B$12)+SLOPE($F$5:$F$12,$B$5:$B$12)*B5 -> 13.823839 | H5: =F5-G5 -> 0.0022027479
A6: 2025-06 | B6: 2 | C6: =INDEX(Exports!$B$2:$B$22,MATCH(A6,Exports!$A$2:$A$22,0)) -> 6.17 | D6: =INTERCEPT($C$5:$C$12,$B$5:$B$12)+SLOPE($C$5:$C$12,$B$5:$B$12)*B6 -> 7.0027381 | E6: =C6-D6 -> -0.8327381 | F6: =AVERAGEIFS(Scenes!$E$2:$E$110,Scenes!$B$2:$B$110,$A6,Scenes!$D$2:$D$110,164) -> 14.428645 | G6: =INTERCEPT($F$5:$F$12,$B$5:$B$12)+SLOPE($F$5:$F$12,$B$5:$B$12)*B6 -> 14.001745 | H6: =F6-G6 -> 0.42690028
A7: 2025-07 | B7: 3 | C7: =INDEX(Exports!$B$2:$B$22,MATCH(A7,Exports!$A$2:$A$22,0)) -> 6.76 | D7: =INTERCEPT($C$5:$C$12,$B$5:$B$12)+SLOPE($C$5:$C$12,$B$5:$B$12)*B7 -> 7.4846429 | E7: =C7-D7 -> -0.72464286 | F7: =AVERAGEIFS(Scenes!$E$2:$E$110,Scenes!$B$2:$B$110,$A7,Scenes!$D$2:$D$110,164) -> 13.493164 | G7: =INTERCEPT($F$5:$F$12,$B$5:$B$12)+SLOPE($F$5:$F$12,$B$5:$B$12)*B7 -> 14.179652 | H7: =F7-G7 -> -0.68648749
A8: 2025-08 | B8: 4 | C8: =INDEX(Exports!$B$2:$B$22,MATCH(A8,Exports!$A$2:$A$22,0)) -> 8.52 | D8: =INTERCEPT($C$5:$C$12,$B$5:$B$12)+SLOPE($C$5:$C$12,$B$5:$B$12)*B8 -> 7.9665476 | E8: =C8-D8 -> 0.55345238 | F8: =AVERAGEIFS(Scenes!$E$2:$E$110,Scenes!$B$2:$B$110,$A8,Scenes!$D$2:$D$110,164) -> 15.003752 | G8: =INTERCEPT($F$5:$F$12,$B$5:$B$12)+SLOPE($F$5:$F$12,$B$5:$B$12)*B8 -> 14.357558 | H8: =F8-G8 -> 0.64619382
A9: 2025-09 | B9: 5 | C9: =INDEX(Exports!$B$2:$B$22,MATCH(A9,Exports!$A$2:$A$22,0)) -> 9.69 | D9: =INTERCEPT($C$5:$C$12,$B$5:$B$12)+SLOPE($C$5:$C$12,$B$5:$B$12)*B9 -> 8.4484524 | E9: =C9-D9 -> 1.2415476 | F9: =AVERAGEIFS(Scenes!$E$2:$E$110,Scenes!$B$2:$B$110,$A9,Scenes!$D$2:$D$110,164) -> 14.68169 | G9: =INTERCEPT($F$5:$F$12,$B$5:$B$12)+SLOPE($F$5:$F$12,$B$5:$B$12)*B9 -> 14.535464 | H9: =F9-G9 -> 0.14622526
A10: 2025-10 | B10: 6 | C10: =INDEX(Exports!$B$2:$B$22,MATCH(A10,Exports!$A$2:$A$22,0)) -> 7.12 | D10: =INTERCEPT($C$5:$C$12,$B$5:$B$12)+SLOPE($C$5:$C$12,$B$5:$B$12)*B10 -> 8.9303571 | E10: =C10-D10 -> -1.8103571 | F10: =AVERAGEIFS(Scenes!$E$2:$E$110,Scenes!$B$2:$B$110,$A10,Scenes!$D$2:$D$110,164) -> 13.739122 | G10: =INTERCEPT($F$5:$F$12,$B$5:$B$12)+SLOPE($F$5:$F$12,$B$5:$B$12)*B10 -> 14.713371 | H10: =F10-G10 -> -0.97424879
A11: 2025-11 | B11: 7 | C11: =INDEX(Exports!$B$2:$B$22,MATCH(A11,Exports!$A$2:$A$22,0)) -> 9.35 | D11: =INTERCEPT($C$5:$C$12,$B$5:$B$12)+SLOPE($C$5:$C$12,$B$5:$B$12)*B11 -> 9.4122619 | E11: =C11-D11 -> -0.062261905 | F11: =AVERAGEIFS(Scenes!$E$2:$E$110,Scenes!$B$2:$B$110,$A11,Scenes!$D$2:$D$110,164) -> 14.67194 | G11: =INTERCEPT($F$5:$F$12,$B$5:$B$12)+SLOPE($F$5:$F$12,$B$5:$B$12)*B11 -> 14.891277 | H11: =F11-G11 -> -0.21933692
A12: 2025-12 | B12: 8 | C12: =INDEX(Exports!$B$2:$B$22,MATCH(A12,Exports!$A$2:$A$22,0)) -> 10.62 | D12: =INTERCEPT($C$5:$C$12,$B$5:$B$12)+SLOPE($C$5:$C$12,$B$5:$B$12)*B12 -> 9.8941667 | E12: =C12-D12 -> 0.72583333 | F12: =AVERAGEIFS(Scenes!$E$2:$E$110,Scenes!$B$2:$B$110,$A12,Scenes!$D$2:$D$110,164) -> 15.727735 | G12: =INTERCEPT($F$5:$F$12,$B$5:$B$12)+SLOPE($F$5:$F$12,$B$5:$B$12)*B12 -> 15.069183 | H12: =F12-G12 -> 0.6585511
A14: Results
A15: Signal | C15: Months | D15: Correlation | E15: After removing trend
A16: Orbit 164 (rule) | C16: =COUNT(F5:F12) -> 8 | D16: =CORREL(F5:F12,C5:C12) -> 0.7974316 | E16: =CORREL(H5:H12,E5:E12) -> 0.66659704

Sheet Test 2026
A1: Out-of-sample test: January to September 2026, rule fixed in advance
A2: Signal = monthly average of road p90 brightness above the control desert, from the Scenes tab. Trend = straight line fitted over the period; residual = value minus trend.
A4: Month | B4: t | C4: Exports (Mt) | D4: Exports trend | E4: Exports residual | F4: Orbit 164 (rule as registered) | G4: Orbit 164 (rule as registered): trend | H4: Orbit 164 (rule as registered): residual | I4: Sentinel-1C scenes only | J4: Sentinel-1C scenes only: trend | K4: Sentinel-1C scenes only: residual | L4: Flagged scene excluded | M4: Flagged scene excluded: trend | N4: Flagged scene excluded: residual
A5: 2026-01 | B5: 1 | C5: =INDEX(Exports!$B$2:$B$22,MATCH(A5,Exports!$A$2:$A$22,0)) -> 10.12 | D5: =INTERCEPT($C$5:$C$13,$B$5:$B$13)+SLOPE($C$5:$C$13,$B$5:$B$13)*B5 -> 9.7537778 | E5: =C5-D5 -> 0.36622222 | F5: =AVERAGEIFS(Scenes!$E$2:$E$110,Scenes!$B$2:$B$110,$A5,Scenes!$D$2:$D$110,164) -> 15.13789 | G5: =INTERCEPT($F$5:$F$13,$B$5:$B$13)+SLOPE($F$5:$F$13,$B$5:$B$13)*B5 -> 15.144432 | H5: =F5-G5 -> -0.0065415422 | I5: =AVERAGEIFS(Scenes!$E$2:$E$110,Scenes!$B$2:$B$110,$A5,Scenes!$D$2:$D$110,164,Scenes!$C$2:$C$110,"Sentinel-1C") -> 15.13789 | J5: =INTERCEPT($I$5:$I$13,$B$5:$B$13)+SLOPE($I$5:$I$13,$B$5:$B$13)*B5 -> 14.562696 | K5: =I5-J5 -> 0.57519388 | L5: =AVERAGEIFS(Scenes!$E$2:$E$110,Scenes!$B$2:$B$110,$A5,Scenes!$D$2:$D$110,164,Scenes!$F$2:$F$110,1) -> 15.13789 | M5: =INTERCEPT($L$5:$L$13,$B$5:$B$13)+SLOPE($L$5:$L$13,$B$5:$B$13)*B5 -> 14.478497 | N5: =L5-M5 -> 0.65939287
A6: 2026-02 | B6: 2 | C6: =INDEX(Exports!$B$2:$B$22,MATCH(A6,Exports!$A$2:$A$22,0)) -> 6.35 | D6: =INTERCEPT($C$5:$C$13,$B$5:$B$13)+SLOPE($C$5:$C$13,$B$5:$B$13)*B6 -> 9.7097778 | E6: =C6-D6 -> -3.3597778 | F6: =AVERAGEIFS(Scenes!$E$2:$E$110,Scenes!$B$2:$B$110,$A6,Scenes!$D$2:$D$110,164) -> 14.093871 | G6: =INTERCEPT($F$5:$F$13,$B$5:$B$13)+SLOPE($F$5:$F$13,$B$5:$B$13)*B6 -> 14.948643 | H6: =F6-G6 -> -0.85477216 | I6: =AVERAGEIFS(Scenes!$E$2:$E$110,Scenes!$B$2:$B$110,$A6,Scenes!$D$2:$D$110,164,Scenes!$C$2:$C$110,"Sentinel-1C") -> 14.093871 | J6: =INTERCEPT($I$5:$I$13,$B$5:$B$13)+SLOPE($I$5:$I$13,$B$5:$B$13)*B6 -> 14.382812 | K6: =I6-J6 -> -0.28894169 | L6: =AVERAGEIFS(Scenes!$E$2:$E$110,Scenes!$B$2:$B$110,$A6,Scenes!$D$2:$D$110,164,Scenes!$F$2:$F$110,1) -> 14.093871 | M6: =INTERCEPT($L$5:$L$13,$B$5:$B$13)+SLOPE($L$5:$L$13,$B$5:$B$13)*B6 -> 14.282708 | N6: =L6-M6 -> -0.18883775
A7: 2026-03 | B7: 3 | C7: =INDEX(Exports!$B$2:$B$22,MATCH(A7,Exports!$A$2:$A$22,0)) -> 11.06 | D7: =INTERCEPT($C$5:$C$13,$B$5:$B$13)+SLOPE($C$5:$C$13,$B$5:$B$13)*B7 -> 9.6657778 | E7: =C7-D7 -> 1.3942222 | F7: =AVERAGEIFS(Scenes!$E$2:$E$110,Scenes!$B$2:$B$110,$A7,Scenes!$D$2:$D$110,164) -> 13.998193 | G7: =INTERCEPT($F$5:$F$13,$B$5:$B$13)+SLOPE($F$5:$F$13,$B$5:$B$13)*B7 -> 14.752854 | H7: =F7-G7 -> -0.75466046 | I7: =AVERAGEIFS(Scenes!$E$2:$E$110,Scenes!$B$2:$B$110,$A7,Scenes!$D$2:$D$110,164,Scenes!$C$2:$C$110,"Sentinel-1C") -> 13.998193 | J7: =INTERCEPT($I$5:$I$13,$B$5:$B$13)+SLOPE($I$5:$I$13,$B$5:$B$13)*B7 -> 14.202928 | K7: =I7-J7 -> -0.20473493 | L7: =AVERAGEIFS(Scenes!$E$2:$E$110,Scenes!$B$2:$B$110,$A7,Scenes!$D$2:$D$110,164,Scenes!$F$2:$F$110,1) -> 13.998193 | M7: =INTERCEPT($L$5:$L$13,$B$5:$B$13)+SLOPE($L$5:$L$13,$B$5:$B$13)*B7 -> 14.086919 | N7: =L7-M7 -> -0.088726042
A8: 2026-04 | B8: 4 | C8: =INDEX(Exports!$B$2:$B$22,MATCH(A8,Exports!$A$2:$A$22,0)) -> 11.54 | D8: =INTERCEPT($C$5:$C$13,$B$5:$B$13)+SLOPE($C$5:$C$13,$B$5:$B$13)*B8 -> 9.6217778 | E8: =C8-D8 -> 1.9182222 | F8: =AVERAGEIFS(Scenes!$E$2:$E$110,Scenes!$B$2:$B$110,$A8,Scenes!$D$2:$D$110,164) -> 14.205274 | G8: =INTERCEPT($F$5:$F$13,$B$5:$B$13)+SLOPE($F$5:$F$13,$B$5:$B$13)*B8 -> 14.557065 | H8: =F8-G8 -> -0.35179133 | I8: =AVERAGEIFS(Scenes!$E$2:$E$110,Scenes!$B$2:$B$110,$A8,Scenes!$D$2:$D$110,164,Scenes!$C$2:$C$110,"Sentinel-1C") -> 14.205274 | J8: =INTERCEPT($I$5:$I$13,$B$5:$B$13)+SLOPE($I$5:$I$13,$B$5:$B$13)*B8 -> 14.023044 | K8: =I8-J8 -> 0.18222925 | L8: =AVERAGEIFS(Scenes!$E$2:$E$110,Scenes!$B$2:$B$110,$A8,Scenes!$D$2:$D$110,164,Scenes!$F$2:$F$110,1) -> 14.205274 | M8: =INTERCEPT($L$5:$L$13,$B$5:$B$13)+SLOPE($L$5:$L$13,$B$5:$B$13)*B8 -> 13.891131 | N8: =L8-M8 -> 0.31414309
A9: 2026-05 | B9: 5 | C9: =INDEX(Exports!$B$2:$B$22,MATCH(A9,Exports!$A$2:$A$22,0)) -> 9.84 | D9: =INTERCEPT($C$5:$C$13,$B$5:$B$13)+SLOPE($C$5:$C$13,$B$5:$B$13)*B9 -> 9.5777778 | E9: =C9-D9 -> 0.26222222 | F9: =AVERAGEIFS(Scenes!$E$2:$E$110,Scenes!$B$2:$B$110,$A9,Scenes!$D$2:$D$110,164) -> 18.98105 | G9: =INTERCEPT($F$5:$F$13,$B$5:$B$13)+SLOPE($F$5:$F$13,$B$5:$B$13)*B9 -> 14.361276 | H9: =F9-G9 -> 4.6197741 | I9: =AVERAGEIFS(Scenes!$E$2:$E$110,Scenes!$B$2:$B$110,$A9,Scenes!$D$2:$D$110,164,Scenes!$C$2:$C$110,"Sentinel-1C") -> 13.363713 | J9: =INTERCEPT($I$5:$I$13,$B$5:$B$13)+SLOPE($I$5:$I$13,$B$5:$B$13)*B9 -> 13.84316 | K9: =I9-J9 -> -0.47944777 | L9: =AVERAGEIFS(Scenes!$E$2:$E$110,Scenes!$B$2:$B$110,$A9,Scenes!$D$2:$D$110,164,Scenes!$F$2:$F$110,1) -> 12.98764 | M9: =INTERCEPT($L$5:$L$13,$B$5:$B$13)+SLOPE($L$5:$L$13,$B$5:$B$13)*B9 -> 13.695342 | N9: =L9-M9 -> -0.70770124
A10: 2026-06 | B10: 6 | C10: =INDEX(Exports!$B$2:$B$22,MATCH(A10,Exports!$A$2:$A$22,0)) -> 10.3 | D10: =INTERCEPT($C$5:$C$13,$B$5:$B$13)+SLOPE($C$5:$C$13,$B$5:$B$13)*B10 -> 9.5337778 | E10: =C10-D10 -> 0.76622222 | F10: =AVERAGEIFS(Scenes!$E$2:$E$110,Scenes!$B$2:$B$110,$A10,Scenes!$D$2:$D$110,164) -> 12.97959 | G10: =INTERCEPT($F$5:$F$13,$B$5:$B$13)+SLOPE($F$5:$F$13,$B$5:$B$13)*B10 -> 14.165487 | H10: =F10-G10 -> -1.1858973 | I10: =AVERAGEIFS(Scenes!$E$2:$E$110,Scenes!$B$2:$B$110,$A10,Scenes!$D$2:$D$110,164,Scenes!$C$2:$C$110,"Sentinel-1C") -> 13.933887 | J10: =INTERCEPT($I$5:$I$13,$B$5:$B$13)+SLOPE($I$5:$I$13,$B$5:$B$13)*B10 -> 13.663276 | K10: =I10-J10 -> 0.2706101 | L10: =AVERAGEIFS(Scenes!$E$2:$E$110,Scenes!$B$2:$B$110,$A10,Scenes!$D$2:$D$110,164,Scenes!$F$2:$F$110,1) -> 12.97959 | M10: =INTERCEPT($L$5:$L$13,$B$5:$B$13)+SLOPE($L$5:$L$13,$B$5:$B$13)*B10 -> 13.499553 | N10: =L10-M10 -> -0.51996292
A11: 2026-07 | B11: 7 | C11: =INDEX(Exports!$B$2:$B$22,MATCH(A11,Exports!$A$2:$A$22,0)) -> 9.13 | D11: =INTERCEPT($C$5:$C$13,$B$5:$B$13)+SLOPE($C$5:$C$13,$B$5:$B$13)*B11 -> 9.4897778 | E11: =C11-D11 -> -0.35977778 | F11: =AVERAGEIFS(Scenes!$E$2:$E$110,Scenes!$B$2:$B$110,$A11,Scenes!$D$2:$D$110,164) -> 12.719043 | G11: =INTERCEPT($F$5:$F$13,$B$5:$B$13)+SLOPE($F$5:$F$13,$B$5:$B$13)*B11 -> 13.969698 | H11: =F11-G11 -> -1.2506554 | I11: =AVERAGEIFS(Scenes!$E$2:$E$110,Scenes!$B$2:$B$110,$A11,Scenes!$D$2:$D$110,164,Scenes!$C$2:$C$110,"Sentinel-1C") -> 12.719043 | J11: =INTERCEPT($I$5:$I$13,$B$5:$B$13)+SLOPE($I$5:$I$13,$B$5:$B$13)*B11 -> 13.483392 | K11: =I11-J11 -> -0.76434967 | L11: =AVERAGEIFS(Scenes!$E$2:$E$110,Scenes!$B$2:$B$110,$A11,Scenes!$D$2:$D$110,164,Scenes!$F$2:$F$110,1) -> 12.719043 | M11: =INTERCEPT($L$5:$L$13,$B$5:$B$13)+SLOPE($L$5:$L$13,$B$5:$B$13)*B11 -> 13.303764 | N11: =L11-M11 -> -0.584721
A12: 2026-08 | B12: 8 | C12: =INDEX(Exports!$B$2:$B$22,MATCH(A12,Exports!$A$2:$A$22,0)) -> 9.45 | D12: =INTERCEPT($C$5:$C$13,$B$5:$B$13)+SLOPE($C$5:$C$13,$B$5:$B$13)*B12 -> 9.4457778 | E12: =C12-D12 -> 0.0042222222 | F12: =AVERAGEIFS(Scenes!$E$2:$E$110,Scenes!$B$2:$B$110,$A12,Scenes!$D$2:$D$110,164) -> 13.676473 | G12: =INTERCEPT($F$5:$F$13,$B$5:$B$13)+SLOPE($F$5:$F$13,$B$5:$B$13)*B12 -> 13.773909 | H12: =F12-G12 -> -0.097436612 | I12: =AVERAGEIFS(Scenes!$E$2:$E$110,Scenes!$B$2:$B$110,$A12,Scenes!$D$2:$D$110,164,Scenes!$C$2:$C$110,"Sentinel-1C") -> 13.676473 | J12: =INTERCEPT($I$5:$I$13,$B$5:$B$13)+SLOPE($I$5:$I$13,$B$5:$B$13)*B12 -> 13.303508 | K12: =I12-J12 -> 0.37296419 | L12: =AVERAGEIFS(Scenes!$E$2:$E$110,Scenes!$B$2:$B$110,$A12,Scenes!$D$2:$D$110,164,Scenes!$F$2:$F$110,1) -> 13.676473 | M12: =INTERCEPT($L$5:$L$13,$B$5:$B$13)+SLOPE($L$5:$L$13,$B$5:$B$13)*B12 -> 13.107975 | N12: =L12-M12 -> 0.5684978
A13: 2026-09 | B13: 9 | C13: =INDEX(Exports!$B$2:$B$22,MATCH(A13,Exports!$A$2:$A$22,0)) -> 8.41 | D13: =INTERCEPT($C$5:$C$13,$B$5:$B$13)+SLOPE($C$5:$C$13,$B$5:$B$13)*B13 -> 9.4017778 | E13: =C13-D13 -> -0.99177778 | F13: =AVERAGEIFS(Scenes!$E$2:$E$110,Scenes!$B$2:$B$110,$A13,Scenes!$D$2:$D$110,164) -> 13.460101 | G13: =INTERCEPT($F$5:$F$13,$B$5:$B$13)+SLOPE($F$5:$F$13,$B$5:$B$13)*B13 -> 13.57812 | H13: =F13-G13 -> -0.11801922 | I13: =AVERAGEIFS(Scenes!$E$2:$E$110,Scenes!$B$2:$B$110,$A13,Scenes!$D$2:$D$110,164,Scenes!$C$2:$C$110,"Sentinel-1C") -> 13.460101 | J13: =INTERCEPT($I$5:$I$13,$B$5:$B$13)+SLOPE($I$5:$I$13,$B$5:$B$13)*B13 -> 13.123624 | K13: =I13-J13 -> 0.33647663 | L13: =AVERAGEIFS(Scenes!$E$2:$E$110,Scenes!$B$2:$B$110,$A13,Scenes!$D$2:$D$110,164,Scenes!$F$2:$F$110,1) -> 13.460101 | M13: =INTERCEPT($L$5:$L$13,$B$5:$B$13)+SLOPE($L$5:$L$13,$B$5:$B$13)*B13 -> 12.912186 | N13: =L13-M13 -> 0.54791519
A15: Results
A16: Signal | C16: Months | D16: Correlation | E16: After removing trend
A17: Orbit 164 (rule as registered) | C17: =COUNT(F5:F13) -> 9 | D17: =CORREL(F5:F13,C5:C13) -> 0.10971534 | E17: =CORREL(H5:H13,E5:E13) -> 0.091383054
A18: Sentinel-1C scenes only | C18: =COUNT(I5:I13) -> 9 | D18: =CORREL(I5:I13,C5:C13) -> 0.2122367 | E18: =CORREL(K5:K13,E5:E13) -> 0.22939814
A19: Flagged scene excluded | C19: =COUNT(L5:L13) -> 9 | D19: =CORREL(L5:L13,C5:C13) -> 0.10241246 | E19: =CORREL(N5:N13,E5:E13) -> 0.066722652
